id,name
S498877,Atsushi
S373115,blueJJ
S733592,ibuprofen
S906275,michaelcarca6
S809195,Sho
S802226,Heroboy
S875912,Dusty#9009
S1122351,Nito
S804769,Kongquest | PkKirby
S157077,SS | Jolt
S54119,spakfuls
S1360786,BoomBoom
S405024,Djewel
S250620,bozitoma
S877501,lilbigestjake
S1252257,Xeno
S62137,AnimEVO | Kiyobi
S536060,Couch
S1301799,RetroPix
S412147,Leisdog
S1231280,jenghi
S1093229,LuckyVentures
S39613,PC | Bane
S38810,SC | Tremendo Dude
S667168,AvgJoe
S7783,Handy Man
S157139,DDoggos | Spyker
S46755,TFTI | Kingz
S1026758,SilverCyanide
S31296,TFTI | Green
S47757,Jucchan
S1061207,Tryassik
S29382,Gohan
S683957,spring roll
S323381,WesT
S995723,NinjaPanda
S55357,C#
S62918,Tecmo
S1139128,ChocolateJay
S848106,SupaFern
S29886,FS | Dynomyte
S1101787,Pastor
S173305,Shard
S170968,Sharkham Knight
S304483,ToP Lu Bu
